,address_id,address,address2,district,city_id,postal_code,phone,last_update
0,1,47 MySakila Drive,,Alberta,300,,,2021-04-08 14:36:58.200310
1,2,28 MySQL Boulevard,,QLD,576,,,2021-04-08 14:36:58.200310
2,3,23 Workhaven Lane,,Alberta,300,,14033335568.0,2021-04-08 14:36:58.200310
3,4,1411 Lillydale Drive,,QLD,576,,6172235589.0,2021-04-08 14:36:58.200310
4,5,1913 Hanoi Way,,Nagasaki,463,35200.0,28303384290.0,2021-04-08 14:36:58.200310
5,6,1121 Loja Avenue,,California,449,17886.0,838635286649.0,2021-04-08 14:36:58.200310
6,7,692 Joliet Street,,Attika,38,83579.0,448477190408.0,2021-04-08 14:36:58.200310
7,8,1566 Inegl Manor,,Mandalay,349,53561.0,705814003527.0,2021-04-08 14:36:58.200310
8,9,53 Idfu Parkway,,Nantou,361,42399.0,10655648674.0,2021-04-08 14:36:58.200310
9,10,1795 Santiago de Compostela Way,,Texas,295,18743.0,860452626434.0,2021-04-08 14:36:58.200310
10,11,900 Santiago de Compostela Parkway,,Central Serbia,280,93896.0,716571220373.0,2021-04-08 14:36:58.200310
11,12,478 Joliet Way,,Hamilton,200,77948.0,657282285970.0,2021-04-08 14:36:58.200310
12,13,613 Korolev Drive,,Masqat,329,45844.0,380657522649.0,2021-04-08 14:36:58.200310
13,14,1531 Sal Drive,,Esfahan,162,53628.0,648856936185.0,2021-04-08 14:36:58.200310
14,15,1542 Tarlac Parkway,,Kanagawa,440,1027.0,635297277345.0,2021-04-08 14:36:58.200310
15,16,808 Bhopal Manor,,Haryana,582,10672.0,465887807014.0,2021-04-08 14:36:58.200310
16,17,270 Amroha Parkway,,Osmaniye,384,29610.0,695479687538.0,2021-04-08 14:36:58.200310
17,18,770 Bydgoszcz Avenue,,California,120,16266.0,517338314235.0,2021-04-08 14:36:58.200310
18,19,419 Iligan Lane,,Madhya Pradesh,76,72878.0,990911107354.0,2021-04-08 14:36:58.200310
19,20,360 Toulouse Parkway,,England,495,54308.0,949312333307.0,2021-04-08 14:36:58.200310
20,21,270 Toulon Boulevard,,Kalmykia,156,81766.0,407752414682.0,2021-04-08 14:36:58.200310
21,22,320 Brest Avenue,,Kaduna,252,43331.0,747791594069.0,2021-04-08 14:36:58.200310
22,23,1417 Lancaster Avenue,,Northern Cape,267,72192.0,272572357893.0,2021-04-08 14:36:58.200310
23,24,1688 Okara Way,,Nothwest Border Prov,327,21954.0,144453869132.0,2021-04-08 14:36:58.200310
24,25,262 A Corua (La Corua) Parkway,,Dhaka,525,34418.0,892775750063.0,2021-04-08 14:36:58.200310
25,26,28 Charlotte Amalie Street,,Rabat-Sal-Zammour-Z,443,37551.0,161968374323.0,2021-04-08 14:36:58.200310
26,27,1780 Hino Boulevard,,Liepaja,303,7716.0,902731229323.0,2021-04-08 14:36:58.200310
27,28,96 Tafuna Way,,Crdoba,128,99865.0,934730187245.0,2021-04-08 14:36:58.200310
28,29,934 San Felipe de Puerto Plata Street,,Sind,472,99780.0,196495945706.0,2021-04-08 14:36:58.200310
29,30,18 Duisburg Boulevard,,,121,58327.0,998009777982.0,2021-04-08 14:36:58.200310
30,31,217 Botshabelo Place,,Southern Mindanao,138,49521.0,665356572025.0,2021-04-08 14:36:58.200310
31,32,1425 Shikarpur Manor,,Bihar,346,65599.0,678220867005.0,2021-04-08 14:36:58.200310
32,33,786 Aurora Avenue,,Yamaguchi,474,65750.0,18461860151.0,2021-04-08 14:36:58.200310
33,34,1668 Anpolis Street,,Taipei,316,50199.0,525255540978.0,2021-04-08 14:36:58.200310
34,35,33 Gorontalo Way,,West Bengali,257,30348.0,745994947458.0,2021-04-08 14:36:58.200310
35,36,176 Mandaluyong Place,,Uttar Pradesh,239,65213.0,627705991774.0,2021-04-08 14:36:58.200310
36,37,127 Purnea (Purnia) Manor,,Piemonte,17,79388.0,911872220378.0,2021-04-08 14:36:58.200310
37,38,61 Tama Street,,Okayama,284,94065.0,708403338270.0,2021-04-08 14:36:58.200310
38,39,391 Callao Drive,,Midi-Pyrnes,544,34021.0,440512153169.0,2021-04-08 14:36:58.200310
39,40,334 Munger (Monghyr) Lane,,Markazi,31,38145.0,481183273622.0,2021-04-08 14:36:58.200310
40,41,1440 Fukuyama Loop,,Henan,362,47929.0,912257250465.0,2021-04-08 14:36:58.200310
41,42,269 Cam Ranh Parkway,,Chisinau,115,34689.0,489783829737.0,2021-04-08 14:36:58.200310
42,43,306 Antofagasta Place,,Esprito Santo,569,3989.0,378318851631.0,2021-04-08 14:36:58.200310
43,44,671 Graz Street,,Oriental,353,94399.0,680768868518.0,2021-04-08 14:36:58.200310
44,45,42 Brindisi Place,,Yerevan,586,16744.0,42384721397.0,2021-04-08 14:36:58.200310
45,46,1632 Bislig Avenue,,Nonthaburi,394,61117.0,471675840679.0,2021-04-08 14:36:58.200310
46,47,1447 Imus Way,,Tahiti,167,48942.0,539758313890.0,2021-04-08 14:36:58.200310
47,48,1998 Halifax Drive,,Lipetsk,308,76022.0,177727722820.0,2021-04-08 14:36:58.200310
48,49,1718 Valencia Street,,Antofagasta,27,37359.0,675292816413.0,2021-04-08 14:36:58.200310
49,50,46 Pjatigorsk Lane,,Moscow (City),343,23616.0,262076994845.0,2021-04-08 14:36:58.200310
50,51,686 Garland Manor,,Cear,247,52535.0,69493378813.0,2021-04-08 14:36:58.200310
51,52,909 Garland Manor,,Tatarstan,367,69367.0,705800322606.0,2021-04-08 14:36:58.200310
52,53,725 Isesaki Place,,Mekka,237,74428.0,876295323994.0,2021-04-08 14:36:58.200310
53,54,115 Hidalgo Parkway,,Khartum,379,80168.0,307703950263.0,2021-04-08 14:36:58.200310
54,55,1135 Izumisano Parkway,,California,171,48150.0,171822533480.0,2021-04-08 14:36:58.200310
55,56,939 Probolinggo Loop,,Galicia,1,4166.0,680428310138.0,2021-04-08 14:36:58.200310
56,57,17 Kabul Boulevard,,Chiba,355,38594.0,697760867968.0,2021-04-08 14:36:58.200310
57,58,1964 Allappuzha (Alleppey) Street,,Yamaguchi,227,48980.0,920811325222.0,2021-04-08 14:36:58.200310
58,59,1697 Kowloon and New Kowloon Loop,,Moskova,49,57807.0,499352017190.0,2021-04-08 14:36:58.200310
59,60,1668 Saint Louis Place,,Tahiti,397,39072.0,347487831378.0,2021-04-08 14:36:58.200310
60,61,943 Tokat Street,,Vaduz,560,45428.0,889318963672.0,2021-04-08 14:36:58.200310
61,62,1114 Liepaja Street,,Sarawak,282,69226.0,212869228936.0,2021-04-08 14:36:58.200310
62,63,1213 Ranchi Parkway,,Karnataka,350,94352.0,800024380485.0,2021-04-08 14:36:58.200310
63,64,81 Hodeida Way,,Rajasthan,231,55561.0,250767749542.0,2021-04-08 14:36:58.200310
64,65,915 Ponce Place,,Basel-Stadt,56,83980.0,1395251317.0,2021-04-08 14:36:58.200310
65,66,1717 Guadalajara Lane,,Missouri,441,85505.0,914090181665.0,2021-04-08 14:36:58.200310
66,67,1214 Hanoi Way,,Nebraska,306,67055.0,491001136577.0,2021-04-08 14:36:58.200310
67,68,1966 Amroha Avenue,,Sichuan,139,70385.0,333489324603.0,2021-04-08 14:36:58.200310
68,69,698 Otsu Street,,Cayenne,105,71110.0,409983924481.0,2021-04-08 14:36:58.200310
69,70,1150 Kimchon Manor,,Skne ln,321,96109.0,663449333709.0,2021-04-08 14:36:58.200310
70,71,1586 Guaruj Place,,Hunan,579,5135.0,947233365992.0,2021-04-08 14:36:58.200310
71,72,57 Arlington Manor,,Madhya Pradesh,475,48960.0,990214419142.0,2021-04-08 14:36:58.200310
72,73,1031 Daugavpils Parkway,,Bchar,63,59025.0,107137400143.0,2021-04-08 14:36:58.200310
73,74,1124 Buenaventura Drive,,Mekka,13,6856.0,407733804223.0,2021-04-08 14:36:58.200310
74,75,492 Cam Ranh Street,,Eastern Visayas,61,50805.0,565018274456.0,2021-04-08 14:36:58.200310
75,76,89 Allappuzha (Alleppey) Manor,,National Capital Reg,517,75444.0,255800440636.0,2021-04-08 14:36:58.200310
76,77,1947 Poos de Caldas Boulevard,,Chiayi,114,60951.0,427454485876.0,2021-04-08 14:36:58.200310
77,78,1206 Dos Quebradas Place,,So Paulo,431,20207.0,241832790687.0,2021-04-08 14:36:58.200310
78,79,1551 Rampur Lane,,Changhwa,108,72394.0,251164340471.0,2021-04-08 14:36:58.200310
79,80,602 Paarl Street,,Pavlodar,402,98889.0,896314772871.0,2021-04-08 14:36:58.200310
80,81,1692 Ede Loop,,So Paulo,30,9223.0,918711376618.0,2021-04-08 14:36:58.200310
81,82,936 Salzburg Lane,,Uttar Pradesh,425,96709.0,875756771675.0,2021-04-08 14:36:58.200310
82,83,586 Tete Way,,Kanagawa,256,1079.0,18581624103.0,2021-04-08 14:36:58.200310
83,84,1888 Kabul Drive,,Oyo & Osun,217,20936.0,701457319790.0,2021-04-08 14:36:58.200310
84,85,320 Baiyin Parkway,,Mahajanga,319,37307.0,223664661973.0,2021-04-08 14:36:58.200310
85,86,927 Baha Blanca Parkway,,Krim,479,9495.0,821972242086.0,2021-04-08 14:36:58.200310
86,87,929 Tallahassee Loop,,Gauteng,497,74671.0,800716535041.0,2021-04-08 14:36:58.200310
87,88,125 Citt del Vaticano Boulevard,,Puebla,40,67912.0,48417642933.0,2021-04-08 14:36:58.200310
88,89,1557 Ktahya Boulevard,,England,88,88002.0,720998247660.0,2021-04-08 14:36:58.200310
89,90,870 Ashqelon Loop,,Songkhla,489,84931.0,135117278909.0,2021-04-08 14:36:58.200310
90,91,1740 Portoviejo Avenue,,Sucre,480,29932.0,198123170793.0,2021-04-08 14:36:58.200310
91,92,1942 Ciparay Parkway,,Cheju,113,82624.0,978987363654.0,2021-04-08 14:36:58.200310
92,93,1926 El Alto Avenue,,Buenos Aires,289,75543.0,846225459260.0,2021-04-08 14:36:58.200310
93,94,1952 Chatsworth Drive,,Guangdong,332,25958.0,991562402283.0,2021-04-08 14:36:58.200310
94,95,1370 Le Mans Avenue,,Brunei and Muara,53,52163.0,345679835036.0,2021-04-08 14:36:58.200310
95,96,984 Effon-Alaiye Avenue,,Gois,183,17119.0,132986892228.0,2021-04-08 14:36:58.200310
96,97,832 Nakhon Sawan Manor,,Inner Mongolia,592,49021.0,275595571388.0,2021-04-08 14:36:58.200310
97,98,152 Kitwe Parkway,,Caraga,82,53182.0,835433605312.0,2021-04-08 14:36:58.200310
98,99,1697 Tanauan Lane,,Punjab,399,22870.0,4764773857.0,2021-04-08 14:36:58.200310
99,100,1308 Arecibo Way,,Georgia,41,30695.0,6171054059.0,2021-04-08 14:36:58.200310
100,101,1599 Plock Drive,,Tete,534,71986.0,817248913162.0,2021-04-08 14:36:58.200310
101,102,669 Firozabad Loop,,Abu Dhabi,12,92265.0,412903167998.0,2021-04-08 14:36:58.200310
102,103,588 Vila Velha Manor,,Kyongsangbuk,268,51540.0,333339908719.0,2021-04-08 14:36:58.200310
103,104,1913 Kamakura Place,,Lipetsk,238,97287.0,942570536750.0,2021-04-08 14:36:58.200310
104,105,733 Mandaluyong Place,,Asir,2,77459.0,196568435814.0,2021-04-08 14:36:58.200310
105,106,659 Vaduz Drive,,Ha Darom,34,49708.0,709935135487.0,2021-04-08 14:36:58.200310
106,107,1177 Jelets Way,,Kwara & Kogi,220,3305.0,484292626944.0,2021-04-08 14:36:58.200310
107,108,1386 Yangor Avenue,,Provence-Alpes-Cte,543,80720.0,449216226468.0,2021-04-08 14:36:58.200310
108,109,454 Nakhon Sawan Boulevard,,Funafuti,173,76383.0,963887147572.0,2021-04-08 14:36:58.200310
109,110,1867 San Juan Bautista Tuxtepec Avenue,,Ivanovo,225,78311.0,547003310357.0,2021-04-08 14:36:58.200310
110,111,1532 Dzerzinsk Way,,Buenos Aires,334,9599.0,330838016880.0,2021-04-08 14:36:58.200310
111,112,1002 Ahmadnagar Manor,,Mxico,213,93026.0,371490777743.0,2021-04-08 14:36:58.200310
112,113,682 Junan Way,,North West,273,30418.0,622255216127.0,2021-04-08 14:36:58.200310
113,114,804 Elista Drive,,Hubei,159,61069.0,379804592943.0,2021-04-08 14:36:58.200310
114,115,1378 Alvorada Avenue,,Distrito Federal,102,75834.0,272234298332.0,2021-04-08 14:36:58.200310
115,116,793 Cam Ranh Avenue,,California,292,87057.0,824370924746.0,2021-04-08 14:36:58.200310
116,117,1079 Tel Aviv-Jaffa Boulevard,,Sucre,132,10885.0,358178933857.0,2021-04-08 14:36:58.200310
117,118,442 Rae Bareli Place,,Nordrhein-Westfalen,148,24321.0,886636413768.0,2021-04-08 14:36:58.200310
118,119,1107 Nakhon Sawan Avenue,,Mxico,365,75149.0,867546627903.0,2021-04-08 14:36:58.200310
119,120,544 Malm Parkway,,Central Java,403,63502.0,386759646229.0,2021-04-08 14:36:58.200310
120,121,1967 Sincelejo Place,,Gujarat,176,73644.0,577812616052.0,2021-04-08 14:36:58.200310
121,122,333 Goinia Way,,Texas,185,78625.0,909029256431.0,2021-04-08 14:36:58.200310
122,123,1987 Coacalco de Berriozbal Loop,,al-Qalyubiya,476,96065.0,787654415858.0,2021-04-08 14:36:58.200310
123,124,241 Mosul Lane,,Risaralda,147,76157.0,765345144779.0,2021-04-08 14:36:58.200310
124,125,211 Chiayi Drive,,Uttar Pradesh,164,58186.0,665993880048.0,2021-04-08 14:36:58.200310
125,126,1175 Tanauan Way,,Lima,305,64615.0,937222955822.0,2021-04-08 14:36:58.200310
126,127,117 Boa Vista Way,,Uttar Pradesh,566,6804.0,677976133614.0,2021-04-08 14:36:58.200310
127,128,848 Tafuna Manor,,Ktahya,281,45142.0,614935229095.0,2021-04-08 14:36:58.200310
128,129,569 Baicheng Lane,,Gauteng,85,60304.0,490211944645.0,2021-04-08 14:36:58.200310
129,130,1666 Qomsheh Drive,,So Paulo,410,66255.0,582835362905.0,2021-04-08 14:36:58.200310
130,131,801 Hagonoy Drive,,Smolensk,484,8439.0,237426099212.0,2021-04-08 14:36:58.200310
131,132,1050 Garden Grove Avenue,,Slaskie,236,4999.0,973047364353.0,2021-04-08 14:36:58.200310
132,133,1854 Tieli Street,,Shandong,302,15819.0,509492324775.0,2021-04-08 14:36:58.200310
133,134,758 Junan Lane,,Gois,190,82639.0,935448624185.0,2021-04-08 14:36:58.200310
134,135,1752 So Leopoldo Parkway,,Taka-Karpatia,345,14014.0,252265130067.0,2021-04-08 14:36:58.200310
135,136,898 Belm Manor,,Free State,87,49757.0,707169393853.0,2021-04-08 14:36:58.200310
136,137,261 Saint Louis Way,,Coahuila de Zaragoza,541,83401.0,321944036800.0,2021-04-08 14:36:58.200310
137,138,765 Southampton Drive,,al-Qalyubiya,421,4285.0,23712411567.0,2021-04-08 14:36:58.200310
138,139,943 Johannesburg Avenue,,Maharashtra,417,5892.0,90921003005.0,2021-04-08 14:36:58.200310
139,140,788 Atinsk Street,,Karnataka,211,81691.0,146497509724.0,2021-04-08 14:36:58.200310
140,141,1749 Daxian Place,,Gelderland,29,11044.0,963369996279.0,2021-04-08 14:36:58.200310
141,142,1587 Sullana Lane,,Inner Mongolia,207,85769.0,468060467018.0,2021-04-08 14:36:58.200310
142,143,1029 Dzerzinsk Manor,,Ynlin,542,57519.0,33173584456.0,2021-04-08 14:36:58.200310
143,144,1666 Beni-Mellal Place,,Tennessee,123,13377.0,9099941466.0,2021-04-08 14:36:58.200310
144,145,928 Jaffna Loop,,Hiroshima,172,93762.0,581852137991.0,2021-04-08 14:36:58.200310
145,146,483 Ljubertsy Parkway,,Scotland,149,60562.0,581174211853.0,2021-04-08 14:36:58.200310
146,147,374 Bat Yam Boulevard,,Kilis,266,97700.0,923261616249.0,2021-04-08 14:36:58.200310
147,148,1027 Songkhla Manor,,Minsk,340,30861.0,563660187896.0,2021-04-08 14:36:58.200310
148,149,999 Sanaa Loop,,Gauteng,491,3439.0,918032330119.0,2021-04-08 14:36:58.200310
149,150,879 Newcastle Way,,Michigan,499,90732.0,206841104594.0,2021-04-08 14:36:58.200310
150,151,1337 Lincoln Parkway,,Saitama,555,99457.0,597815221267.0,2021-04-08 14:36:58.200310
151,152,1952 Pune Lane,,Saint-Denis,442,92150.0,354615066969.0,2021-04-08 14:36:58.200310
152,153,782 Mosul Street,,Massachusetts,94,25545.0,885899703621.0,2021-04-08 14:36:58.200310
153,154,781 Shimonoseki Drive,,Michoacn de Ocampo,202,95444.0,632316273199.0,2021-04-08 14:36:58.200310
154,155,1560 Jelets Boulevard,,Shandong,291,77777.0,189446090264.0,2021-04-08 14:36:58.200310
155,156,1963 Moscow Place,,Assam,354,64863.0,761379480249.0,2021-04-08 14:36:58.200310
156,157,456 Escobar Way,,Jakarta Raya,232,36061.0,719202533520.0,2021-04-08 14:36:58.200310
157,158,798 Cianjur Avenue,,Shanxi,590,76990.0,499408708580.0,2021-04-08 14:36:58.200310
158,159,185 Novi Sad Place,,Bern,72,41778.0,904253967161.0,2021-04-08 14:36:58.200310
159,160,1367 Yantai Manor,,Ondo & Ekiti,381,21294.0,889538496300.0,2021-04-08 14:36:58.200310
160,161,1386 Nakhon Sawan Boulevard,,Pyongyang-si,420,53502.0,368899174225.0,2021-04-08 14:36:58.200310
161,162,369 Papeete Way,,North Carolina,187,66639.0,170117068815.0,2021-04-08 14:36:58.200310
162,163,1440 Compton Place,,North Austria,307,81037.0,931059836497.0,2021-04-08 14:36:58.200310
163,164,1623 Baha Blanca Manor,,Moskova,310,81511.0,149981248346.0,2021-04-08 14:36:58.200310
164,165,97 Shimoga Avenue,,Tel Aviv,533,44660.0,177167004331.0,2021-04-08 14:36:58.200310
165,166,1740 Le Mans Loop,,Pays de la Loire,297,22853.0,168476538960.0,2021-04-08 14:36:58.200310
166,167,1287 Xiangfan Boulevard,,Gifu,253,57844.0,819416131190.0,2021-04-08 14:36:58.200310
167,168,842 Salzburg Lane,,Adana,529,3313.0,697151428760.0,2021-04-08 14:36:58.200310
168,169,154 Tallahassee Loop,,Xinxiang,199,62250.0,935508855935.0,2021-04-08 14:36:58.200310
169,170,710 San Felipe del Progreso Avenue,,Lilongwe,304,76901.0,843801144113.0,2021-04-08 14:36:58.200310
170,171,1540 Wroclaw Drive,,Maharashtra,107,62686.0,182363341674.0,2021-04-08 14:36:58.200310
171,172,475 Atinsk Way,,Gansu,240,59571.0,201705577290.0,2021-04-08 14:36:58.200310
172,173,1294 Firozabad Drive,,Jiangxi,407,70618.0,161801569569.0,2021-04-08 14:36:58.200310
173,174,1877 Ezhou Lane,,Rajasthan,550,63337.0,264541743403.0,2021-04-08 14:36:58.200310
174,175,316 Uruapan Street,,Perak,223,58194.0,275788967899.0,2021-04-08 14:36:58.200310
175,176,29 Pyongyang Loop,,Batman,58,47753.0,734780743462.0,2021-04-08 14:36:58.200310
176,177,1010 Klerksdorp Way,,Steiermark,186,6802.0,493008546874.0,2021-04-08 14:36:58.200310
177,178,1848 Salala Boulevard,,Miranda,373,25220.0,48265851133.0,2021-04-08 14:36:58.200310
178,179,431 Xiangtan Avenue,,Kerala,18,4854.0,230250973122.0,2021-04-08 14:36:58.200310
179,180,757 Rustenburg Avenue,,Skikda,483,89668.0,506134035434.0,2021-04-08 14:36:58.200310
180,181,146 Johannesburg Way,,Tamaulipas,330,54132.0,953689007081.0,2021-04-08 14:36:58.200310
181,182,1891 Rizhao Boulevard,,So Paulo,456,47288.0,391065549876.0,2021-04-08 14:36:58.200310
182,183,1089 Iwatsuki Avenue,,Kirov,270,35109.0,866092335135.0,2021-04-08 14:36:58.200310
183,184,1410 Benin City Parkway,,Risaralda,405,29747.0,104150372603.0,2021-04-08 14:36:58.200310
184,185,682 Garden Grove Place,,Tennessee,333,67497.0,72136330362.0,2021-04-08 14:36:58.200310
185,186,533 al-Ayn Boulevard,,California,126,8862.0,662227486184.0,2021-04-08 14:36:58.200310
186,187,1839 Szkesfehrvr Parkway,,Gois,317,55709.0,947468818183.0,2021-04-08 14:36:58.200310
187,188,741 Ambattur Manor,,Noord-Brabant,438,43310.0,302590383819.0,2021-04-08 14:36:58.200310
188,189,927 Barcelona Street,,Chaharmahal va Bakht,467,65121.0,951486492670.0,2021-04-08 14:36:58.200310
189,190,435 0 Way,,West Bengali,195,74750.0,760171523969.0,2021-04-08 14:36:58.200310
190,191,140 Chiayi Parkway,,Sumy,506,38982.0,855863906434.0,2021-04-08 14:36:58.200310
191,192,1166 Changhwa Street,,Caraga,62,58852.0,650752094490.0,2021-04-08 14:36:58.200310
192,193,891 Novi Sad Manor,,Ontario,383,5379.0,247646995453.0,2021-04-08 14:36:58.200310
193,194,605 Rio Claro Parkway,,Tabora,513,49348.0,352469351088.0,2021-04-08 14:36:58.200310
194,195,1077 San Felipe de Puerto Plata Place,,Rostov-na-Donu,369,65387.0,812824036424.0,2021-04-08 14:36:58.200310
195,196,9 San Miguel de Tucumn Manor,,Uttar Pradesh,169,90845.0,956188728558.0,2021-04-08 14:36:58.200310
196,197,447 Surakarta Loop,,Nyanza,271,10428.0,940830176580.0,2021-04-08 14:36:58.200310
197,198,345 Oshawa Boulevard,,Tokyo-to,204,32114.0,104491201771.0,2021-04-08 14:36:58.200310
198,199,1792 Valle de la Pascua Place,,Nordrhein-Westfalen,477,15540.0,419419591240.0,2021-04-08 14:36:58.200310
199,200,1074 Binzhou Manor,,Baden-Wrttemberg,325,36490.0,331132568928.0,2021-04-08 14:36:58.200310
200,201,817 Bradford Loop,,Jiangsu,109,89459.0,264286442804.0,2021-04-08 14:36:58.200310
201,202,955 Bamenda Way,,Ondo & Ekiti,218,1545.0,768481779568.0,2021-04-08 14:36:58.200310
202,203,1149 A Corua (La Corua) Boulevard,,Haiphong,194,95824.0,470884141195.0,2021-04-08 14:36:58.200310
203,204,387 Mwene-Ditu Drive,,Ahal,35,8073.0,764477681869.0,2021-04-08 14:36:58.200310
204,205,68 Molodetno Manor,,Nordrhein-Westfalen,575,4662.0,146640639760.0,2021-04-08 14:36:58.200310
205,206,642 Nador Drive,,Maharashtra,77,3924.0,369050085652.0,2021-04-08 14:36:58.200310
206,207,1688 Nador Lane,,Sulawesi Utara,184,61613.0,652218196731.0,2021-04-08 14:36:58.200310
207,208,1215 Pyongyang Parkway,,Usak,557,25238.0,646237101779.0,2021-04-08 14:36:58.200310
208,209,1679 Antofagasta Street,,Alto Paran,122,86599.0,905903574913.0,2021-04-08 14:36:58.200310
209,210,1304 s-Hertogenbosch Way,,Santa Catarina,83,10925.0,90336226227.0,2021-04-08 14:36:58.200310
210,211,850 Salala Loop,,Kitaa,371,10800.0,403404780639.0,2021-04-08 14:36:58.200310
211,212,624 Oshawa Boulevard,,West Bengali,51,89959.0,49677664184.0,2021-04-08 14:36:58.200310
212,213,43 Dadu Avenue,,Rajasthan,74,4855.0,95666951770.0,2021-04-08 14:36:58.200310
213,214,751 Lima Loop,,Aden,7,99405.0,756460337785.0,2021-04-08 14:36:58.200310
214,215,1333 Haldia Street,,Jilin,174,82161.0,408304391718.0,2021-04-08 14:36:58.200310
215,216,660 Jedda Boulevard,,Washington,65,25053.0,168758068397.0,2021-04-08 14:36:58.200310
216,217,1001 Miyakonojo Lane,,Taizz,518,67924.0,584316724815.0,2021-04-08 14:36:58.200310
217,218,226 Brest Manor,,California,508,2299.0,785881412500.0,2021-04-08 14:36:58.200310
218,219,1229 Valencia Parkway,,Haskovo,498,99124.0,352679173732.0,2021-04-08 14:36:58.200310
219,220,1201 Qomsheh Manor,,Gois,28,21464.0,873492228462.0,2021-04-08 14:36:58.200310
220,221,866 Shivapuri Manor,,Uttar Pradesh,448,22474.0,778502731092.0,2021-04-08 14:36:58.200310
221,222,1168 Najafabad Parkway,,Kabol,251,40301.0,886649065861.0,2021-04-08 14:36:58.200310
222,223,1244 Allappuzha (Alleppey) Place,,Buenos Aires,567,20657.0,991802825778.0,2021-04-08 14:36:58.200310
223,224,1842 Luzinia Boulevard,,Zanzibar West,593,94420.0,706878974831.0,2021-04-08 14:36:58.200310
224,225,1926 Gingoog Street,,Sisilia,511,22824.0,469738825391.0,2021-04-08 14:36:58.200310
225,226,810 Palghat (Palakkad) Boulevard,,Jaroslavl,235,73431.0,516331171356.0,2021-04-08 14:36:58.200310
226,227,1820 Maring Parkway,,Punjab,324,88307.0,99760893676.0,2021-04-08 14:36:58.200310
227,228,60 Poos de Caldas Street,,Rajasthan,243,82338.0,963063788669.0,2021-04-08 14:36:58.200310
228,229,1014 Loja Manor,,Tamil Nadu,22,66851.0,460795526514.0,2021-04-08 14:36:58.200310
229,230,201 Effon-Alaiye Way,,Asuncin,37,64344.0,684192903087.0,2021-04-08 14:36:58.200310
230,231,430 Alessandria Loop,,Saarland,439,47446.0,669828224459.0,2021-04-08 14:36:58.200310
231,232,754 Valencia Place,,Phnom Penh,406,87911.0,594319417514.0,2021-04-08 14:36:58.200310
232,233,356 Olomouc Manor,,Gois,26,93323.0,22326410776.0,2021-04-08 14:36:58.200310
233,234,1256 Bislig Boulevard,,Botosani,86,50598.0,479007229460.0,2021-04-08 14:36:58.200310
234,235,954 Kimchon Place,,West Bengali,559,42420.0,541327526474.0,2021-04-08 14:36:58.200310
235,236,885 Yingkou Manor,,Kaduna,596,31390.0,588964509072.0,2021-04-08 14:36:58.200310
236,237,1736 Cavite Place,,Qina,216,98775.0,431770603551.0,2021-04-08 14:36:58.200310
237,238,346 Skikda Parkway,,Hawalli,233,90628.0,630424482919.0,2021-04-08 14:36:58.200310
238,239,98 Stara Zagora Boulevard,,Valle,96,76448.0,610173756082.0,2021-04-08 14:36:58.200310
239,240,1479 Rustenburg Boulevard,,Southern Tagalog,527,18727.0,727785483194.0,2021-04-08 14:36:58.200310
240,241,647 A Corua (La Corua) Street,,Chollanam,357,36971.0,792557457753.0,2021-04-08 14:36:58.200310
241,242,1964 Gijn Manor,,Karnataka,473,14408.0,918119601885.0,2021-04-08 14:36:58.200310
242,243,47 Syktyvkar Lane,,West Java,118,22236.0,63937119031.0,2021-04-08 14:36:58.200310
243,244,1148 Saarbrcken Parkway,,Fukushima,226,1921.0,137773001988.0,2021-04-08 14:36:58.200310
244,245,1103 Bilbays Parkway,,Hubei,578,87660.0,279979529227.0,2021-04-08 14:36:58.200310
245,246,1246 Boksburg Parkway,,Hebei,422,28349.0,890283544295.0,2021-04-08 14:36:58.200310
246,247,1483 Pathankot Street,,Tucumn,454,37288.0,686015532180.0,2021-04-08 14:36:58.200310
247,248,582 Papeete Loop,,Central Visayas,294,27722.0,569868543137.0,2021-04-08 14:36:58.200310
248,249,300 Junan Street,,Kyonggi,553,81314.0,890289150158.0,2021-04-08 14:36:58.200310
249,250,829 Grand Prairie Way,,Paran,328,6461.0,741070712873.0,2021-04-08 14:36:58.200310
250,251,1473 Changhwa Parkway,,Mxico,124,75933.0,266798132374.0,2021-04-08 14:36:58.200310
251,252,1309 Weifang Street,,Florida,520,57338.0,435785045362.0,2021-04-08 14:36:58.200310
252,253,1760 Oshawa Manor,,Tianjin,535,38140.0,56257502250.0,2021-04-08 14:36:58.200310
253,254,786 Stara Zagora Way,,Oyo & Osun,390,98332.0,716256596301.0,2021-04-08 14:36:58.200310
254,255,1966 Tonghae Street,,Anhalt Sachsen,198,36481.0,567359279425.0,2021-04-08 14:36:58.200310
255,256,1497 Yuzhou Drive,,England,312,3433.0,246810237916.0,2021-04-08 14:36:58.200310
256,258,752 Ondo Loop,,Miyazaki,338,32474.0,134673576619.0,2021-04-08 14:36:58.200310
257,259,1338 Zalantun Lane,,Minas Gerais,413,45403.0,840522972766.0,2021-04-08 14:36:58.200310
258,260,127 Iwakuni Boulevard,,Central Luzon,192,20777.0,987442542471.0,2021-04-08 14:36:58.200310
259,261,51 Laredo Avenue,,Sagaing,342,68146.0,884536620568.0,2021-04-08 14:36:58.200310
260,262,771 Yaound Manor,,Sofala,64,86768.0,245477603573.0,2021-04-08 14:36:58.200310
261,263,532 Toulon Street,,Santiago,460,69517.0,46871694740.0,2021-04-08 14:36:58.200310
262,264,1027 Banjul Place,,West Bengali,197,50390.0,538241037443.0,2021-04-08 14:36:58.200310
263,265,1158 Mandi Bahauddin Parkway,,Shanxi,136,98484.0,276555730211.0,2021-04-08 14:36:58.200310
264,266,862 Xintai Lane,,Cagayan Valley,548,30065.0,265153400632.0,2021-04-08 14:36:58.200310
265,267,816 Cayenne Parkway,,Manab,414,93629.0,282874611748.0,2021-04-08 14:36:58.200310
266,268,1831 Nam Dinh Loop,,National Capital Reg,323,51990.0,322888976727.0,2021-04-08 14:36:58.200310
267,269,446 Kirovo-Tepetsk Lane,,Osaka,203,19428.0,303967439816.0,2021-04-08 14:36:58.200310
268,270,682 Halisahar Place,,Severn Morava,378,20536.0,475553436330.0,2021-04-08 14:36:58.200310
269,271,1587 Loja Manor,,Salzburg,447,5410.0,621625204422.0,2021-04-08 14:36:58.200310
270,272,1762 Paarl Parkway,,Hunan,298,53928.0,192459639410.0,2021-04-08 14:36:58.200310
271,273,1519 Ilorin Place,,Kerala,395,49298.0,357445645426.0,2021-04-08 14:36:58.200310
272,274,920 Kumbakonam Loop,,California,446,75090.0,685010736240.0,2021-04-08 14:36:58.200310
273,275,906 Goinia Way,,Wielkopolskie,255,83565.0,701767622697.0,2021-04-08 14:36:58.200310
274,276,1675 Xiangfan Manor,,Tamil Nadu,283,11763.0,271149517630.0,2021-04-08 14:36:58.200310
275,277,85 San Felipe de Puerto Plata Drive,,Shandong,584,46063.0,170739645687.0,2021-04-08 14:36:58.200310
276,278,144 South Hill Loop,,Guanajuato,445,2012.0,45387294817.0,2021-04-08 14:36:58.200310
277,279,1884 Shikarpur Avenue,,Haryana,263,85548.0,959949395183.0,2021-04-08 14:36:58.200310
278,280,1980 Kamjanets-Podilskyi Street,,Illinois,404,89502.0,874337098891.0,2021-04-08 14:36:58.200310
279,281,1944 Bamenda Way,,Michigan,573,24645.0,75975221996.0,2021-04-08 14:36:58.200310
280,282,556 Baybay Manor,,Oyo & Osun,374,55802.0,363982224739.0,2021-04-08 14:36:58.200310
281,283,457 Tongliao Loop,,Bursa,222,56254.0,880756161823.0,2021-04-08 14:36:58.200310
282,284,600 Bradford Street,,East Azerbaidzan,514,96204.0,117592274996.0,2021-04-08 14:36:58.200310
283,285,1006 Santa Brbara dOeste Manor,,Ondo & Ekiti,389,36229.0,85059738746.0,2021-04-08 14:36:58.200310
284,286,1308 Sumy Loop,,Fujian,175,30657.0,583021225407.0,2021-04-08 14:36:58.200310
285,287,1405 Chisinau Place,,Ponce,411,8160.0,62781725285.0,2021-04-08 14:36:58.200310
286,288,226 Halifax Street,,Xinxiang,277,58492.0,790651020929.0,2021-04-08 14:36:58.200310
287,289,1279 Udine Parkway,,Edo & Delta,69,75860.0,195003555232.0,2021-04-08 14:36:58.200310
288,290,1336 Benin City Drive,,Shiga,386,46044.0,341242939532.0,2021-04-08 14:36:58.200310
289,291,1155 Liaocheng Place,,Oyo & Osun,152,22650.0,558236142492.0,2021-04-08 14:36:58.200310
290,292,1993 Tabuk Lane,,Tamil Nadu,522,64221.0,648482415405.0,2021-04-08 14:36:58.200310
291,293,86 Higashiosaka Lane,,Guanajuato,563,33768.0,957128697225.0,2021-04-08 14:36:58.200310
292,294,1912 Allende Manor,,Kowloon and New Kowl,279,58124.0,172262454487.0,2021-04-08 14:36:58.200310
293,295,544 Tarsus Boulevard,,Gurico,562,53145.0,892523334.0,2021-04-08 14:36:58.200310
294,296,1936 Cuman Avenue,,Virginia,433,61195.0,976798660411.0,2021-04-08 14:36:58.200310
295,297,1192 Tongliao Street,,Sharja,470,19065.0,350970907017.0,2021-04-08 14:36:58.200310
296,298,44 Najafabad Way,,Baskimaa,146,61391.0,96604821070.0,2021-04-08 14:36:58.200310
297,299,32 Pudukkottai Lane,,Ohio,140,38834.0,967274728547.0,2021-04-08 14:36:58.200310
298,300,661 Chisinau Lane,,Pietari,274,8856.0,816436065431.0,2021-04-08 14:36:58.200310
299,301,951 Stara Zagora Manor,,Punjab,400,98573.0,429925609431.0,2021-04-08 14:36:58.200310
300,302,922 Vila Velha Loop,,Maharashtra,9,4085.0,510737228015.0,2021-04-08 14:36:58.200310
301,303,898 Jining Lane,,Pohjois-Pohjanmaa,387,40070.0,161643343536.0,2021-04-08 14:36:58.200310
302,304,1635 Kuwana Boulevard,,Hiroshima,205,52137.0,710603868323.0,2021-04-08 14:36:58.200310
303,305,41 El Alto Parkway,,Maharashtra,398,56883.0,51917807050.0,2021-04-08 14:36:58.200310
304,306,1883 Maikop Lane,,Kaliningrad,254,68469.0,96110042435.0,2021-04-08 14:36:58.200310
305,307,1908 Gaziantep Place,,Liaoning,536,58979.0,108053751300.0,2021-04-08 14:36:58.200310
306,308,687 Alessandria Parkway,,Sanaa,455,57587.0,407218522294.0,2021-04-08 14:36:58.200310
307,309,827 Yuncheng Drive,,Callao,99,79047.0,504434452842.0,2021-04-08 14:36:58.200310
308,310,913 Coacalco de Berriozbal Loop,,Texas,33,42141.0,262088367001.0,2021-04-08 14:36:58.200310
309,311,715 So Bernardo do Campo Lane,,Kedah,507,84804.0,181179321332.0,2021-04-08 14:36:58.200310
310,312,1354 Siegen Street,,Rio de Janeiro,25,80184.0,573441801529.0,2021-04-08 14:36:58.200310
311,313,1191 Sungai Petani Boulevard,,Missouri,262,9668.0,983259819766.0,2021-04-08 14:36:58.200310
312,314,1224 Huejutla de Reyes Boulevard,,Lombardia,91,70923.0,806016930576.0,2021-04-08 14:36:58.200310
313,315,543 Bergamo Avenue,,Minas Gerais,215,59686.0,103602195112.0,2021-04-08 14:36:58.200310
314,316,746 Joliet Lane,,Kursk,286,94878.0,688485191923.0,2021-04-08 14:36:58.200310
315,317,780 Kimberley Way,,Tabuk,515,17032.0,824396883951.0,2021-04-08 14:36:58.200310
316,318,1774 Yaound Place,,Hubei,166,91400.0,613124286867.0,2021-04-08 14:36:58.200310
317,319,1957 Yantai Lane,,So Paulo,490,59255.0,704948322302.0,2021-04-08 14:36:58.200310
318,320,1542 Lubumbashi Boulevard,,Tel Aviv,57,62472.0,508800331065.0,2021-04-08 14:36:58.200310
319,321,651 Pathankot Loop,,Maharashtra,336,59811.0,139378397418.0,2021-04-08 14:36:58.200310
320,322,1359 Zhoushan Parkway,,Streymoyar,545,29763.0,46568045367.0,2021-04-08 14:36:58.200310
321,323,1769 Iwaki Lane,,Kujawsko-Pomorskie,97,25787.0,556100547674.0,2021-04-08 14:36:58.200310
322,324,1145 Vilnius Manor,,Mxico,451,73170.0,674805712553.0,2021-04-08 14:36:58.200310
323,325,1892 Nabereznyje Telny Lane,,Tutuila,516,28396.0,478229987054.0,2021-04-08 14:36:58.200310
324,326,470 Boksburg Street,,Central,81,97960.0,908029859266.0,2021-04-08 14:36:58.200310
325,327,1427 A Corua (La Corua) Place,,Buenos Aires,45,85799.0,972574862516.0,2021-04-08 14:36:58.200310
326,328,479 San Felipe del Progreso Avenue,,Morelos,130,54949.0,869051782691.0,2021-04-08 14:36:58.200310
327,329,867 Benin City Avenue,,Henan,591,78543.0,168884817145.0,2021-04-08 14:36:58.200310
328,330,981 Kumbakonam Place,,Distrito Federal,89,87611.0,829116184079.0,2021-04-08 14:36:58.200310
329,331,1016 Iwakuni Street,,St George,269,49833.0,961370847344.0,2021-04-08 14:36:58.200310
330,332,663 Baha Blanca Parkway,,Adana,5,33463.0,834418779292.0,2021-04-08 14:36:58.200310
331,333,1860 Taguig Loop,,West Java,119,59550.0,38158430589.0,2021-04-08 14:36:58.200310
332,334,1816 Bydgoszcz Loop,,Dhaka,234,64308.0,965273813662.0,2021-04-08 14:36:58.200310
333,335,587 Benguela Manor,,Illinois,42,91590.0,165450987037.0,2021-04-08 14:36:58.200310
334,336,430 Kumbakonam Drive,,Santa F,457,28814.0,105470691550.0,2021-04-08 14:36:58.200310
335,337,1838 Tabriz Lane,,Dhaka,143,1195.0,38988715447.0,2021-04-08 14:36:58.200310
336,338,431 Szkesfehrvr Avenue,,Baki,48,57828.0,119501405123.0,2021-04-08 14:36:58.200310
337,339,503 Sogamoso Loop,,Sumqayit,505,49812.0,834626715837.0,2021-04-08 14:36:58.200310
338,340,507 Smolensk Loop,,Sousse,492,22971.0,80303246192.0,2021-04-08 14:36:58.200310
339,341,1920 Weifang Avenue,,Uttar Pradesh,427,15643.0,869507847714.0,2021-04-08 14:36:58.200310
340,342,124 al-Manama Way,,Hiroshima,382,52368.0,647899404952.0,2021-04-08 14:36:58.200310
341,343,1443 Mardan Street,,Western Cape,392,31483.0,231383037471.0,2021-04-08 14:36:58.200310
342,344,1909 Benguela Lane,,Henan,581,19913.0,624138001031.0,2021-04-08 14:36:58.200310
343,345,68 Ponce Parkway,,Hanoi,201,85926.0,870635127812.0,2021-04-08 14:36:58.200310
344,346,1217 Konotop Avenue,,Gelderland,151,504.0,718917251754.0,2021-04-08 14:36:58.200310
345,347,1293 Nam Dinh Way,,Roraima,84,71583.0,697656479977.0,2021-04-08 14:36:58.200310
346,348,785 Vaduz Street,,Baja California,335,36170.0,895616862749.0,2021-04-08 14:36:58.200310
347,349,1516 Escobar Drive,,Tongatapu,370,46069.0,64536069371.0,2021-04-08 14:36:58.200310
348,350,1628 Nagareyama Lane,,Central,453,60079.0,20064292617.0,2021-04-08 14:36:58.200310
349,351,1157 Nyeri Loop,,Adygea,320,56380.0,262744791493.0,2021-04-08 14:36:58.200310
350,352,1673 Tangail Drive,,Daugavpils,137,26857.0,627924259271.0,2021-04-08 14:36:58.200310
351,353,381 Kabul Way,,Taipei,209,87272.0,55477302294.0,2021-04-08 14:36:58.200310
352,354,953 Hodeida Street,,Southern Tagalog,221,18841.0,53912826864.0,2021-04-08 14:36:58.200310
353,355,469 Nakhon Sawan Street,,Tuvassia,531,58866.0,689199636560.0,2021-04-08 14:36:58.200310
354,356,1378 Beira Loop,,Krasnojarsk,597,40792.0,840957664136.0,2021-04-08 14:36:58.200310
355,357,1641 Changhwa Place,,Nord-Ouest,52,37636.0,256546485220.0,2021-04-08 14:36:58.200310
356,358,1698 Southport Loop,,Hidalgo,393,49009.0,754358349853.0,2021-04-08 14:36:58.200310
357,359,519 Nyeri Manor,,So Paulo,461,37650.0,764680915323.0,2021-04-08 14:36:58.200310
358,360,619 Hunuco Avenue,,Shimane,331,81508.0,142596392389.0,2021-04-08 14:36:58.200310
359,361,45 Aparecida de Goinia Place,,Madhya Pradesh,464,7431.0,650496654258.0,2021-04-08 14:36:58.200310
360,362,482 Kowloon and New Kowloon Manor,,Bratislava,90,97056.0,738968474939.0,2021-04-08 14:36:58.200310
361,363,604 Bern Place,,Jharkhand,429,5373.0,620719383725.0,2021-04-08 14:36:58.200310
362,364,1623 Kingstown Drive,,Buenos Aires,20,91299.0,296394569728.0,2021-04-08 14:36:58.200310
363,365,1009 Zanzibar Lane,,Arecibo,32,64875.0,102396298916.0,2021-04-08 14:36:58.200310
364,366,114 Jalib al-Shuyukh Manor,,Centre,585,60440.0,845378657301.0,2021-04-08 14:36:58.200310
365,367,1163 London Parkway,,Par,66,6066.0,675120358494.0,2021-04-08 14:36:58.200310
366,368,1658 Jastrzebie-Zdrj Loop,,Central,372,96584.0,568367775448.0,2021-04-08 14:36:58.200310
367,369,817 Laredo Avenue,,Jalisco,188,77449.0,151249681135.0,2021-04-08 14:36:58.200310
368,370,1565 Tangail Manor,,Okinawa,377,45750.0,634445428822.0,2021-04-08 14:36:58.200310
369,371,1912 Emeishan Drive,,Balikesir,50,33050.0,99883471275.0,2021-04-08 14:36:58.200310
370,372,230 Urawa Drive,,Andhra Pradesh,8,2738.0,166898395731.0,2021-04-08 14:36:58.200310
371,373,1922 Miraj Way,,Esfahan,356,13203.0,320471479776.0,2021-04-08 14:36:58.200310
372,374,433 Florencia Street,,Chihuahua,250,91330.0,561729882725.0,2021-04-08 14:36:58.200310
373,375,1049 Matamoros Parkway,,Karnataka,191,69640.0,960505250340.0,2021-04-08 14:36:58.200310
374,376,1061 Ede Avenue,,Southern Tagalog,98,57810.0,333390595558.0,2021-04-08 14:36:58.200310
375,377,154 Oshawa Manor,,East Java,415,72771.0,440365973660.0,2021-04-08 14:36:58.200310
376,378,1191 Tandil Drive,,Southern Tagalog,523,6362.0,45554316010.0,2021-04-08 14:36:58.200310
377,379,1133 Rizhao Avenue,,Pernambuco,572,2800.0,600264533987.0,2021-04-08 14:36:58.200310
378,380,1519 Santiago de los Caballeros Loop,,East Kasai,348,22025.0,409315295763.0,2021-04-08 14:36:58.200310
379,381,1618 Olomouc Manor,,Kurgan,285,26385.0,96846695220.0,2021-04-08 14:36:58.200310
380,382,220 Hidalgo Drive,,Kermanshah,265,45298.0,342720754566.0,2021-04-08 14:36:58.200310
381,383,686 Donostia-San Sebastin Lane,,Guangdong,471,97390.0,71857599858.0,2021-04-08 14:36:58.200310
382,384,97 Mogiljov Lane,,Gujarat,73,89294.0,924815207181.0,2021-04-08 14:36:58.200310
383,385,1642 Charlotte Amalie Drive,,Slaskie,549,75442.0,821476736117.0,2021-04-08 14:36:58.200310
384,386,1368 Maracabo Boulevard,,,493,32716.0,934352415130.0,2021-04-08 14:36:58.200310
385,387,401 Sucre Boulevard,,New Hampshire,322,25007.0,486395999608.0,2021-04-08 14:36:58.200310
386,388,368 Hunuco Boulevard,,Namibe,360,17165.0,106439158941.0,2021-04-08 14:36:58.200310
387,389,500 Lincoln Parkway,,Jiangsu,210,95509.0,550306965159.0,2021-04-08 14:36:58.200310
388,390,102 Chapra Drive,,Ibaragi,521,14073.0,776031833752.0,2021-04-08 14:36:58.200310
389,391,1793 Meixian Place,,Hmelnytskyi,258,33535.0,619966287415.0,2021-04-08 14:36:58.200310
390,392,514 Ife Way,,Shaba,315,69973.0,900235712074.0,2021-04-08 14:36:58.200310
391,393,717 Changzhou Lane,,Southern Tagalog,104,21615.0,426255288071.0,2021-04-08 14:36:58.200310
392,394,753 Ilorin Avenue,,Sichuan,157,3656.0,464511145118.0,2021-04-08 14:36:58.200310
393,395,1337 Mit Ghamr Avenue,,Nakhon Sawan,358,29810.0,175283210378.0,2021-04-08 14:36:58.200310
394,396,767 Pyongyang Drive,,Osaka,229,83536.0,667736124769.0,2021-04-08 14:36:58.200310
395,397,614 Pak Kret Street,,Addis Abeba,6,27796.0,47808359842.0,2021-04-08 14:36:58.200310
396,398,954 Lapu-Lapu Way,,Moskova,278,8816.0,737229003916.0,2021-04-08 14:36:58.200310
397,399,331 Bydgoszcz Parkway,,Asturia,181,966.0,537374465982.0,2021-04-08 14:36:58.200310
398,400,1152 Citrus Heights Manor,,al-Qadarif,15,5239.0,765957414528.0,2021-04-08 14:36:58.200310
399,401,168 Cianjur Manor,,Saitama,228,73824.0,679095087143.0,2021-04-08 14:36:58.200310
400,402,616 Hagonoy Avenue,,Krasnojarsk,39,46043.0,604177838256.0,2021-04-08 14:36:58.200310
401,403,1190 0 Place,,Rio Grande do Sul,44,10417.0,841876514789.0,2021-04-08 14:36:58.200310
402,404,734 Bchar Place,,Punjab,375,30586.0,280578750435.0,2021-04-08 14:36:58.200310
403,405,530 Lausanne Lane,,Texas,135,11067.0,775235029633.0,2021-04-08 14:36:58.200310
404,406,454 Patiala Lane,,Fukushima,276,13496.0,794553031307.0,2021-04-08 14:36:58.200310
405,407,1346 Mysore Drive,,Bretagne,92,61507.0,516647474029.0,2021-04-08 14:36:58.200310
406,408,990 Etawah Loop,,Tamil Nadu,564,79940.0,206169448769.0,2021-04-08 14:36:58.200310
407,409,1266 Laredo Parkway,,Saitama,380,7664.0,1483365694.0,2021-04-08 14:36:58.200310
408,410,88 Nagaon Manor,,Buenos Aires,524,86868.0,779461480495.0,2021-04-08 14:36:58.200310
409,411,264 Bhimavaram Manor,,St Thomas,111,54749.0,302526949177.0,2021-04-08 14:36:58.200310
410,412,1639 Saarbrcken Drive,,North West,437,9827.0,328494873422.0,2021-04-08 14:36:58.200310
411,413,692 Amroha Drive,,Northern,230,35575.0,359478883004.0,2021-04-08 14:36:58.200310
412,414,1936 Lapu-Lapu Parkway,,Bauchi & Gombe,141,7122.0,653436985797.0,2021-04-08 14:36:58.200310
413,415,432 Garden Grove Street,,Ontario,430,65630.0,615964523510.0,2021-04-08 14:36:58.200310
414,416,1445 Carmen Parkway,,West Java,117,70809.0,598912394463.0,2021-04-08 14:36:58.200310
415,417,791 Salinas Street,,Punjab,208,40509.0,129953030512.0,2021-04-08 14:36:58.200310
416,418,126 Acua Parkway,,West Bengali,71,58888.0,480039662421.0,2021-04-08 14:36:58.200310
417,419,397 Sunnyvale Avenue,,Guanajuato,19,55566.0,680851640676.0,2021-04-08 14:36:58.200310
418,420,992 Klerksdorp Loop,,Utrecht,23,33711.0,855290087237.0,2021-04-08 14:36:58.200310
419,421,966 Arecibo Loop,,Sind,134,94018.0,15273765306.0,2021-04-08 14:36:58.200310
420,422,289 Santo Andr Manor,,al-Sharqiya,16,72410.0,214976066017.0,2021-04-08 14:36:58.200310
421,423,437 Chungho Drive,,Puerto Plata,450,59489.0,491271355190.0,2021-04-08 14:36:58.200310
422,424,1948 Bayugan Parkway,,Bihar,264,60622.0,987306329957.0,2021-04-08 14:36:58.200310
423,425,1866 al-Qatif Avenue,,California,155,89420.0,546793516940.0,2021-04-08 14:36:58.200310
424,426,1661 Abha Drive,,Tamil Nadu,416,14400.0,270456873752.0,2021-04-08 14:36:58.200310
425,427,1557 Cape Coral Parkway,,Hubei,293,46875.0,368284120423.0,2021-04-08 14:36:58.200310
426,428,1727 Matamoros Place,,Sawhaj,465,78813.0,129673677866.0,2021-04-08 14:36:58.200310
427,429,1269 Botosani Manor,,Guangdong,468,47394.0,736517327853.0,2021-04-08 14:36:58.200310
428,430,355 Vitria de Santo Anto Way,,Oaxaca,452,81758.0,548003849552.0,2021-04-08 14:36:58.200310
429,431,1596 Acua Parkway,,Jharkhand,418,70425.0,157133457169.0,2021-04-08 14:36:58.200310
430,432,259 Ipoh Drive,,So Paulo,189,64964.0,419009857119.0,2021-04-08 14:36:58.200310
431,433,1823 Hoshiarpur Lane,,Komi,510,33191.0,307133768620.0,2021-04-08 14:36:58.200310
432,434,1404 Taguig Drive,,Okayama,547,87212.0,572068624538.0,2021-04-08 14:36:58.200310
433,435,740 Udaipur Lane,,Nizni Novgorod,150,33505.0,497288595103.0,2021-04-08 14:36:58.200310
434,436,287 Cuautla Boulevard,,Chuquisaca,501,72736.0,82619513349.0,2021-04-08 14:36:58.200310
435,437,1766 Almirante Brown Street,,KwaZulu-Natal,364,63104.0,617567598243.0,2021-04-08 14:36:58.200310
436,438,596 Huixquilucan Place,,Nampula,351,65892.0,342709348083.0,2021-04-08 14:36:58.200310
437,439,1351 Aparecida de Goinia Parkway,,Northern Mindanao,391,41775.0,959834530529.0,2021-04-08 14:36:58.200310
438,440,722 Bradford Lane,,Shandong,249,90920.0,746251338300.0,2021-04-08 14:36:58.200310
439,441,983 Santa F Way,,British Colombia,565,47472.0,145720452260.0,2021-04-08 14:36:58.200310
440,442,1245 Ibirit Way,,La Romana,290,40926.0,331888642162.0,2021-04-08 14:36:58.200310
441,443,1836 Korla Parkway,,Copperbelt,272,55405.0,689681677428.0,2021-04-08 14:36:58.200310
442,444,231 Kaliningrad Place,,Lombardia,70,57833.0,575081026569.0,2021-04-08 14:36:58.200310
443,445,495 Bhimavaram Lane,,Maharashtra,144,3.0,82088937724.0,2021-04-08 14:36:58.200310
444,446,1924 Shimonoseki Drive,,Batna,59,52625.0,406784385440.0,2021-04-08 14:36:58.200310
445,447,105 Dzerzinsk Manor,,Inner Mongolia,540,48570.0,240776414296.0,2021-04-08 14:36:58.200310
446,448,614 Denizli Parkway,,Rio Grande do Sul,486,29444.0,876491807547.0,2021-04-08 14:36:58.200310
447,449,1289 Belm Boulevard,,Tartumaa,530,88306.0,237368926031.0,2021-04-08 14:36:58.200310
448,450,203 Tambaram Street,,Buenos Aires,161,73942.0,411549550611.0,2021-04-08 14:36:58.200310
449,451,1704 Tambaram Manor,,West Bengali,554,2834.0,39463554936.0,2021-04-08 14:36:58.200310
450,452,207 Cuernavaca Loop,,Tatarstan,352,52671.0,782900030287.0,2021-04-08 14:36:58.200310
451,453,319 Springs Loop,,Baijeri,160,99552.0,72524459905.0,2021-04-08 14:36:58.200310
452,454,956 Nam Dinh Manor,,Kerman,481,21872.0,474047727727.0,2021-04-08 14:36:58.200310
453,455,1947 Paarl Way,,Central Java,509,23636.0,834061016202.0,2021-04-08 14:36:58.200310
454,456,814 Simferopol Loop,,Sinaloa,154,48745.0,524567129902.0,2021-04-08 14:36:58.200310
455,457,535 Ahmadnagar Manor,,Abu Dhabi,3,41136.0,985109775584.0,2021-04-08 14:36:58.200310
456,458,138 Caracas Boulevard,,Zulia,326,16790.0,974433019532.0,2021-04-08 14:36:58.200310
457,459,251 Florencia Drive,,Michoacn de Ocampo,556,16119.0,118011831565.0,2021-04-08 14:36:58.200310
458,460,659 Gatineau Boulevard,,La Paz,153,28587.0,205524798287.0,2021-04-08 14:36:58.200310
459,461,1889 Valparai Way,,Ziguinchor,600,75559.0,670370974122.0,2021-04-08 14:36:58.200310
460,462,1485 Bratislava Place,,Illinois,435,83183.0,924663855568.0,2021-04-08 14:36:58.200310
461,463,935 Aden Boulevard,,Central Java,532,64709.0,335052544020.0,2021-04-08 14:36:58.200310
462,464,76 Kermanshah Manor,,Esfahan,423,23343.0,762361821578.0,2021-04-08 14:36:58.200310
463,465,734 Tanshui Avenue,,Caquet,170,70664.0,366776723320.0,2021-04-08 14:36:58.200310
464,466,118 Jaffna Loop,,Northern Mindanao,182,10447.0,325526730021.0,2021-04-08 14:36:58.200310
465,467,1621 Tongliao Avenue,,Irkutsk,558,22173.0,209342540247.0,2021-04-08 14:36:58.200310
466,468,1844 Usak Avenue,,Nova Scotia,196,84461.0,164414772677.0,2021-04-08 14:36:58.200310
467,469,1872 Toulon Loop,,OHiggins,428,7939.0,928809465153.0,2021-04-08 14:36:58.200310
468,470,1088 Ibirit Place,,Jalisco,595,88502.0,49084281333.0,2021-04-08 14:36:58.200310
469,471,1322 Mosul Parkway,,Shandong,145,95400.0,268053970382.0,2021-04-08 14:36:58.200310
470,472,1447 Chatsworth Place,,Chihuahua,129,41545.0,769370126331.0,2021-04-08 14:36:58.200310
471,473,1257 Guadalajara Street,,Karnataka,78,33599.0,195337700615.0,2021-04-08 14:36:58.200310
472,474,1469 Plock Lane,,Galicia,388,95835.0,622884741180.0,2021-04-08 14:36:58.200310
473,475,434 Ourense (Orense) Manor,,Hodeida,206,14122.0,562370137426.0,2021-04-08 14:36:58.200310
474,476,270 Tambaram Parkway,,Gauteng,244,9668.0,248446668735.0,2021-04-08 14:36:58.200310
475,477,1786 Salinas Place,,Nam Ha,359,66546.0,206060652238.0,2021-04-08 14:36:58.200310
476,478,1078 Stara Zagora Drive,,Aceh,301,69221.0,932992626595.0,2021-04-08 14:36:58.200310
477,479,1854 Okara Boulevard,,Drenthe,158,42123.0,131912793873.0,2021-04-08 14:36:58.200310
478,480,421 Yaound Street,,Sumy,385,11363.0,726875628268.0,2021-04-08 14:36:58.200310
479,481,1153 Allende Way,,Qubec,179,20336.0,856872225376.0,2021-04-08 14:36:58.200310
480,482,808 Naala-Porto Parkway,,England,500,41060.0,553452430707.0,2021-04-08 14:36:58.200310
481,483,632 Usolje-Sibirskoje Parkway,,Ha Darom,36,73085.0,667648979883.0,2021-04-08 14:36:58.200310
482,484,98 Pyongyang Boulevard,,Ohio,11,88749.0,191958435142.0,2021-04-08 14:36:58.200310
483,485,984 Novoterkassk Loop,,Gaziantep,180,28165.0,435118527255.0,2021-04-08 14:36:58.200310
484,486,64 Korla Street,,Mwanza,347,25145.0,510383179153.0,2021-04-08 14:36:58.200310
485,487,1785 So Bernardo do Campo Street,,Veracruz,125,71182.0,684529463244.0,2021-04-08 14:36:58.200310
486,488,698 Jelets Boulevard,,Denizli,142,2596.0,975185523021.0,2021-04-08 14:36:58.200310
487,489,1297 Alvorada Parkway,,Ningxia,587,11839.0,508348602835.0,2021-04-08 14:36:58.200310
488,490,1909 Dayton Avenue,,Guangdong,469,88513.0,702955450528.0,2021-04-08 14:36:58.200310
489,491,1789 Saint-Denis Parkway,,Coahuila de Zaragoza,4,8268.0,936806643983.0,2021-04-08 14:36:58.200310
490,492,185 Mannheim Lane,,Stavropol,408,23661.0,589377568313.0,2021-04-08 14:36:58.200310
491,493,184 Mandaluyong Street,,Baja California Sur,288,94239.0,488425406814.0,2021-04-08 14:36:58.200310
492,494,591 Sungai Petani Drive,,Okayama,376,46400.0,37247325001.0,2021-04-08 14:36:58.200310
493,495,656 Matamoros Drive,,Boyac,487,19489.0,17305839123.0,2021-04-08 14:36:58.200310
494,496,775 ostka Drive,,al-Daqahliya,337,22358.0,171973024401.0,2021-04-08 14:36:58.200310
495,497,1013 Tabuk Boulevard,,West Bengali,261,96203.0,158399646978.0,2021-04-08 14:36:58.200310
496,498,319 Plock Parkway,,Istanbul,504,26101.0,854259976812.0,2021-04-08 14:36:58.200310
497,499,1954 Kowloon and New Kowloon Way,,Chimborazo,434,63667.0,898559280434.0,2021-04-08 14:36:58.200310
498,500,362 Rajkot Lane,,Gansu,47,98030.0,962020153680.0,2021-04-08 14:36:58.200310
499,501,1060 Tandil Lane,,Shandong,432,72349.0,211256301880.0,2021-04-08 14:36:58.200310
500,502,1515 Korla Way,,England,589,57197.0,959467760895.0,2021-04-08 14:36:58.200310
501,503,1416 San Juan Bautista Tuxtepec Avenue,,Zufar,444,50592.0,144206758053.0,2021-04-08 14:36:58.200310
502,504,1 Valle de Santiago Avenue,,Apulia,93,86208.0,465897838272.0,2021-04-08 14:36:58.200310
503,505,519 Brescia Parkway,,East Java,318,69504.0,793996678771.0,2021-04-08 14:36:58.200310
504,506,414 Mandaluyong Street,,Lubelskie,314,16370.0,52709222667.0,2021-04-08 14:36:58.200310
505,507,1197 Sokoto Boulevard,,West Bengali,478,87687.0,868602816371.0,2021-04-08 14:36:58.200310
506,508,496 Celaya Drive,,Nagano,552,90797.0,759586584889.0,2021-04-08 14:36:58.200310
507,509,786 Matsue Way,,Illinois,245,37469.0,111177206479.0,2021-04-08 14:36:58.200310
508,510,48 Maracabo Place,,Central Luzon,519,1570.0,82671830126.0,2021-04-08 14:36:58.200310
509,511,1152 al-Qatif Lane,,Kalimantan Barat,412,44816.0,131370665218.0,2021-04-08 14:36:58.200310
510,512,1269 Ipoh Avenue,,Eskisehir,163,54674.0,402630109080.0,2021-04-08 14:36:58.200310
511,513,758 Korolev Parkway,,Andhra Pradesh,568,75474.0,441628280920.0,2021-04-08 14:36:58.200310
512,514,1747 Rustenburg Place,,Bihar,110,51369.0,442673923363.0,2021-04-08 14:36:58.200310
513,515,886 Tonghae Place,,Volgograd,259,19450.0,711928348157.0,2021-04-08 14:36:58.200310
514,516,1574 Goinia Boulevard,,Heilongjiang,502,39529.0,59634255214.0,2021-04-08 14:36:58.200310
515,517,548 Uruapan Street,,Ontario,312,35653.0,879347453467.0,2021-04-08 14:36:58.200310
516,519,962 Tama Loop,,,583,65952.0,282667506728.0,2021-04-08 14:36:58.200310
517,520,1778 Gijn Manor,,Hubei,594,35156.0,288910576761.0,2021-04-08 14:36:58.200310
518,521,568 Dhule (Dhulia) Loop,,Coquimbo,127,92568.0,602101369463.0,2021-04-08 14:36:58.200310
519,522,1768 Udine Loop,,Battambang,60,32347.0,448876499197.0,2021-04-08 14:36:58.200310
520,523,608 Birgunj Parkway,,Taipei,116,400.0,627425618482.0,2021-04-08 14:36:58.200310
521,524,680 A Corua (La Corua) Manor,,Sivas,482,49806.0,158326114853.0,2021-04-08 14:36:58.200310
522,525,1949 Sanya Street,,Gumma,224,61244.0,132100972047.0,2021-04-08 14:36:58.200310
523,526,617 Klerksdorp Place,,Khanh Hoa,366,94707.0,574973479129.0,2021-04-08 14:36:58.200310
524,527,1993 0 Loop,,Liaoning,588,41214.0,25865528181.0,2021-04-08 14:36:58.200310
525,528,1176 Southend-on-Sea Manor,,Southern Tagalog,458,81651.0,236679267178.0,2021-04-08 14:36:58.200310
526,529,600 Purnea (Purnia) Avenue,,Nghe An,571,18043.0,638409958875.0,2021-04-08 14:36:58.200310
527,530,1003 Qinhuangdao Street,,West Java,419,25972.0,35533115997.0,2021-04-08 14:36:58.200310
528,531,1986 Sivas Place,,Friuli-Venezia Giuli,551,95775.0,182059202712.0,2021-04-08 14:36:58.200310
529,532,1427 Tabuk Place,,Florida,101,31342.0,214756839122.0,2021-04-08 14:36:58.200310
530,533,556 Asuncin Way,,Mogiljov,339,35364.0,338244023543.0,2021-04-08 14:36:58.200310
531,534,486 Ondo Parkway,,Benguela,67,35202.0,105882218332.0,2021-04-08 14:36:58.200310
532,535,635 Brest Manor,,Andhra Pradesh,75,40899.0,80593242951.0,2021-04-08 14:36:58.200310
533,536,166 Jinchang Street,,Buenos Aires,165,86760.0,717566026669.0,2021-04-08 14:36:58.200310
534,537,958 Sagamihara Lane,,Mie,287,88408.0,427274926505.0,2021-04-08 14:36:58.200310
535,538,1817 Livorno Way,,Khanh Hoa,100,79401.0,478380208348.0,2021-04-08 14:36:58.200310
536,539,1332 Gaziantep Lane,,Shandong,80,22813.0,383353187467.0,2021-04-08 14:36:58.200310
537,540,949 Allende Lane,,Uttar Pradesh,24,67521.0,122981120653.0,2021-04-08 14:36:58.200310
538,541,195 Ilorin Street,,Chari-Baguirmi,363,49250.0,8912935608.0,2021-04-08 14:36:58.200310
539,542,193 Bhusawal Place,,Kang-won,539,9750.0,745267607502.0,2021-04-08 14:36:58.200310
540,543,43 Vilnius Manor,,Colorado,42,79814.0,484500282381.0,2021-04-08 14:36:58.200310
541,544,183 Haiphong Street,,Jilin,46,69953.0,488600270038.0,2021-04-08 14:36:58.200310
542,545,163 Augusta-Richmond County Loop,,Carabobo,561,33030.0,754579047924.0,2021-04-08 14:36:58.200310
543,546,191 Jos Azueta Parkway,,Ruse,436,13629.0,932156667696.0,2021-04-08 14:36:58.200310
544,547,379 Lublin Parkway,,Toscana,309,74568.0,921960450089.0,2021-04-08 14:36:58.200310
545,548,1658 Cuman Loop,,Sumatera Selatan,396,51309.0,784907335610.0,2021-04-08 14:36:58.200310
546,549,454 Qinhuangdao Drive,,Tadla-Azilal,68,25866.0,786270036240.0,2021-04-08 14:36:58.200310
547,550,1715 Okayama Street,,So Paulo,485,55676.0,169352919175.0,2021-04-08 14:36:58.200310
548,551,182 Nukualofa Drive,,Sumy,275,15414.0,426346224043.0,2021-04-08 14:36:58.200310
549,552,390 Wroclaw Way,,Hainan,462,5753.0,357593328658.0,2021-04-08 14:36:58.200310
550,553,1421 Quilmes Lane,,Ishikawa,260,19151.0,135407755975.0,2021-04-08 14:36:58.200310
551,554,947 Trshavn Place,,Central Luzon,528,841.0,50898428626.0,2021-04-08 14:36:58.200310
552,555,1764 Jalib al-Shuyukh Parkway,,Galicia,459,77642.0,84794532510.0,2021-04-08 14:36:58.200310
553,556,346 Cam Ranh Avenue,,Zhejiang,599,39976.0,978430786151.0,2021-04-08 14:36:58.200310
554,557,1407 Pachuca de Soto Place,,Rio Grande do Sul,21,26284.0,380077794770.0,2021-04-08 14:36:58.200310
555,558,904 Clarksville Drive,,Zhejiang,193,52234.0,955349440539.0,2021-04-08 14:36:58.200310
556,559,1917 Kumbakonam Parkway,,Vojvodina,368,11892.0,698182547686.0,2021-04-08 14:36:58.200310
557,560,1447 Imus Place,,Gujarat,426,12905.0,62127829280.0,2021-04-08 14:36:58.200310
558,561,1497 Fengshan Drive,,KwaZulu-Natal,112,63022.0,368738360376.0,2021-04-08 14:36:58.200310
559,562,869 Shikarpur Way,,England,496,57380.0,590764256785.0,2021-04-08 14:36:58.200310
560,563,1059 Yuncheng Avenue,,Vilna,570,47498.0,107092893983.0,2021-04-08 14:36:58.200310
561,564,505 Madiun Boulevard,,Dolnoslaskie,577,97271.0,970638808606.0,2021-04-08 14:36:58.200310
562,565,1741 Hoshiarpur Boulevard,,al-Sharqiya,79,22372.0,855066328617.0,2021-04-08 14:36:58.200310
563,566,1229 Varanasi (Benares) Manor,,Buenos Aires,43,40195.0,817740355461.0,2021-04-08 14:36:58.200310
564,567,1894 Boa Vista Way,,Texas,178,77464.0,239357986667.0,2021-04-08 14:36:58.200310
565,568,1342 Sharja Way,,Sokoto & Kebbi & Zam,488,93655.0,946114054231.0,2021-04-08 14:36:58.200310
566,569,1342 Abha Boulevard,,Bukarest,95,10714.0,997453607116.0,2021-04-08 14:36:58.200310
567,570,415 Pune Avenue,,Shandong,580,44274.0,203202500108.0,2021-04-08 14:36:58.200310
568,571,1746 Faaa Way,,Huanuco,214,32515.0,863080561151.0,2021-04-08 14:36:58.200310
569,572,539 Hami Way,,Tokat,538,52196.0,525518075499.0,2021-04-08 14:36:58.200310
570,573,1407 Surakarta Manor,,Moskova,466,33224.0,324346485054.0,2021-04-08 14:36:58.200310
571,574,502 Mandi Bahauddin Parkway,,Anzotegui,55,15992.0,618156722572.0,2021-04-08 14:36:58.200310
572,575,1052 Pathankot Avenue,,Sichuan,299,77397.0,128499386727.0,2021-04-08 14:36:58.200310
573,576,1351 Sousse Lane,,Coahuila de Zaragoza,341,37815.0,203804046132.0,2021-04-08 14:36:58.200310
574,577,1501 Pangkal Pinang Avenue,,Mazowieckie,409,943.0,770864062795.0,2021-04-08 14:36:58.200310
575,578,1405 Hagonoy Avenue,,Slaskie,133,86587.0,867287719310.0,2021-04-08 14:36:58.200310
576,579,521 San Juan Bautista Tuxtepec Place,,Qaraghandy,598,95093.0,844018348565.0,2021-04-08 14:36:58.200310
577,580,923 Tangail Boulevard,,Tokyo-to,10,33384.0,315528269898.0,2021-04-08 14:36:58.200310
578,581,186 Skikda Lane,,Morelos,131,89422.0,14465669789.0,2021-04-08 14:36:58.200310
579,582,1568 Celaya Parkway,,Kaohsiung,168,34750.0,278669994384.0,2021-04-08 14:36:58.200310
580,583,1489 Kakamigahara Lane,,Taipei,526,98883.0,29341849811.0,2021-04-08 14:36:58.200310
581,584,1819 Alessandria Loop,,Campeche,103,53829.0,377633994405.0,2021-04-08 14:36:58.200310
582,585,1208 Tama Loop,,Ninawa,344,73605.0,954786054144.0,2021-04-08 14:36:58.200310
583,586,951 Springs Lane,,Central Mindanao,219,96115.0,165164761435.0,2021-04-08 14:36:58.200310
584,587,760 Miyakonojo Drive,,Guerrero,246,64682.0,294449058179.0,2021-04-08 14:36:58.200310
585,588,966 Asuncin Way,,Hidalgo,212,62703.0,995527378381.0,2021-04-08 14:36:58.200310
586,589,1584 Ljubertsy Lane,,England,494,22954.0,285710089439.0,2021-04-08 14:36:58.200310
587,590,247 Jining Parkway,,Banjul,54,53446.0,170115379190.0,2021-04-08 14:36:58.200310
588,591,773 Dallas Manor,,Buenos Aires,424,12664.0,914466027044.0,2021-04-08 14:36:58.200310
589,592,1923 Stara Zagora Lane,,Nantou,546,95179.0,182178609211.0,2021-04-08 14:36:58.200310
590,593,1402 Zanzibar Boulevard,,Guanajuato,106,71102.0,387448063440.0,2021-04-08 14:36:58.200310
591,594,1464 Kursk Parkway,,Shandong,574,17381.0,338758048786.0,2021-04-08 14:36:58.200310
592,595,1074 Sanaa Parkway,,Loja,311,22474.0,154124128457.0,2021-04-08 14:36:58.200310
593,596,1759 Niznekamsk Avenue,,al-Manama,14,39414.0,864392582257.0,2021-04-08 14:36:58.200310
594,597,32 Liaocheng Way,,Minas Gerais,248,1944.0,410877354933.0,2021-04-08 14:36:58.200310
595,598,42 Fontana Avenue,,Fejr,512,14684.0,437829801725.0,2021-04-08 14:36:58.200310
596,599,1895 Zhezqazghan Drive,,California,177,36693.0,137809746111.0,2021-04-08 14:36:58.200310
597,600,1837 Kaduna Parkway,,Inner Mongolia,241,82580.0,640843562301.0,2021-04-08 14:36:58.200310
598,601,844 Bucuresti Place,,Liaoning,242,36603.0,935952366111.0,2021-04-08 14:36:58.200310
599,602,1101 Bucuresti Boulevard,,West Greece,401,97661.0,199514580428.0,2021-04-08 14:36:58.200310
600,603,1103 Quilmes Boulevard,,Piura,503,52137.0,644021380889.0,2021-04-08 14:36:58.200310
601,604,1331 Usak Boulevard,,Vaud,296,61960.0,145308717464.0,2021-04-08 14:36:58.200310
602,605,1325 Fukuyama Street,,Heilongjiang,537,27107.0,288241215394.0,2021-04-08 14:36:58.200310
